<?xml version="1.0" encoding="UTF-8" standalone="yes"?>
<app version="1.0">
	<name>Discord Theme</name>
	<version>1.0</version>
	<release_date>201910200000</release_date>
	<coder>Larsenv</coder>
	<short_description>A Homebrew Channel theme</short_description>
	<long_description>Run this like an application to apply the theme to the Homebrew Channel. Revert to the default theme by deleting the Homebrew Channel "savegame" using the data management in the Wii System Menu.</long_description>
</app>
