<?xml version="1.0" encoding="UTF-8" standalone="yes"?>
<app version="1.0">
	<name>RiiConnect24 Theme</name>
	<version>1.0</version>
	<release_date>201608280000</release_date>
	<coder>liam2503</coder>
	<short_description>RiiConnect24 by liam2503 theme.</short_description>
	<long_description>This is a RiiConnect24 theme for the Homebrew Channel made by liam2503. Run this like an application to apply the theme to the Homebrew Channel. Revert to the default theme by deleting the Homebrew Channel "savegame" using the data management in the Wii System Menu.</long_description>
</app>
